"","barcode","label"
"HBCx_22_BC010232","BC010232","HBCx_22"
"HBCx_22_BC011104","BC011104","HBCx_22"
"HBCx_22_BC015244","BC015244","HBCx_22"
"HBCx_22_BC035310","BC035310","HBCx_22"
"HBCx_22_BC038652","BC038652","HBCx_22"
"HBCx_22_BC038859","BC038859","HBCx_22"
"HBCx_22_BC043346","BC043346","HBCx_22"
"HBCx_22_BC046570","BC046570","HBCx_22"
"HBCx_22_BC046605","BC046605","HBCx_22"
"HBCx_22_BC052794","BC052794","HBCx_22"
"HBCx_22_BC054246","BC054246","HBCx_22"
"HBCx_22_BC054261","BC054261","HBCx_22"
"HBCx_22_BC058730","BC058730","HBCx_22"
"HBCx_22_BC061722","BC061722","HBCx_22"
"HBCx_22_BC063492","BC063492","HBCx_22"
"HBCx_22_BC063845","BC063845","HBCx_22"
"HBCx_22_BC071955","BC071955","HBCx_22"
"HBCx_22_BC073445","BC073445","HBCx_22"
"HBCx_22_BC076075","BC076075","HBCx_22"
"HBCx_22_BC076861","BC076861","HBCx_22"
"HBCx_22_BC078311","BC078311","HBCx_22"
"HBCx_22_BC079062","BC079062","HBCx_22"
"HBCx_22_BC081186","BC081186","HBCx_22"
"HBCx_22_BC082680","BC082680","HBCx_22"
"HBCx_22_BC084276","BC084276","HBCx_22"
"HBCx_22_BC088693","BC088693","HBCx_22"
"HBCx_22_BC089220","BC089220","HBCx_22"
"HBCx_22_BC091730","BC091730","HBCx_22"
"HBCx_22_BC095201","BC095201","HBCx_22"
"HBCx_22_BC098511","BC098511","HBCx_22"
"HBCx_22_BC102261","BC102261","HBCx_22"
"HBCx_22_BC102457","BC102457","HBCx_22"
"HBCx_22_BC107905","BC107905","HBCx_22"
"HBCx_22_BC114234","BC114234","HBCx_22"
"HBCx_22_BC119420","BC119420","HBCx_22"
"HBCx_22_BC120361","BC120361","HBCx_22"
"HBCx_22_BC132247","BC132247","HBCx_22"
"HBCx_22_BC132415","BC132415","HBCx_22"
"HBCx_22_BC135068","BC135068","HBCx_22"
"HBCx_22_BC137046","BC137046","HBCx_22"
"HBCx_22_BC137171","BC137171","HBCx_22"
"HBCx_22_BC141161","BC141161","HBCx_22"
"HBCx_22_BC143320","BC143320","HBCx_22"
"HBCx_22_BC143386","BC143386","HBCx_22"
"HBCx_22_BC143540","BC143540","HBCx_22"
"HBCx_22_BC144531","BC144531","HBCx_22"
"HBCx_22_BC158663","BC158663","HBCx_22"
"HBCx_22_BC159433","BC159433","HBCx_22"
"HBCx_22_BC163578","BC163578","HBCx_22"
"HBCx_22_BC164838","BC164838","HBCx_22"
"HBCx_22_BC169483","BC169483","HBCx_22"
"HBCx_22_BC172328","BC172328","HBCx_22"
"HBCx_22_BC175993","BC175993","HBCx_22"
"HBCx_22_BC176022","BC176022","HBCx_22"
"HBCx_22_BC176610","BC176610","HBCx_22"
"HBCx_22_BC181139","BC181139","HBCx_22"
"HBCx_22_BC183016","BC183016","HBCx_22"
"HBCx_22_BC185170","BC185170","HBCx_22"
"HBCx_22_BC185975","BC185975","HBCx_22"
"HBCx_22_BC189151","BC189151","HBCx_22"
"HBCx_22_BC193023","BC193023","HBCx_22"
"HBCx_22_BC193317","BC193317","HBCx_22"
"HBCx_22_BC197975","BC197975","HBCx_22"
"HBCx_22_BC199259","BC199259","HBCx_22"
"HBCx_22_BC202891","BC202891","HBCx_22"
"HBCx_22_BC211336","BC211336","HBCx_22"
"HBCx_22_BC212826","BC212826","HBCx_22"
"HBCx_22_BC213408","BC213408","HBCx_22"
"HBCx_22_BC214178","BC214178","HBCx_22"
"HBCx_22_BC217538","BC217538","HBCx_22"
"HBCx_22_BC217638","BC217638","HBCx_22"
"HBCx_22_BC219111","BC219111","HBCx_22"
"HBCx_22_BC223038","BC223038","HBCx_22"
"HBCx_22_BC223305","BC223305","HBCx_22"
"HBCx_22_BC224853","BC224853","HBCx_22"
"HBCx_22_BC225183","BC225183","HBCx_22"
"HBCx_22_BC227486","BC227486","HBCx_22"
"HBCx_22_BC227689","BC227689","HBCx_22"
"HBCx_22_BC228851","BC228851","HBCx_22"
"HBCx_22_BC231385","BC231385","HBCx_22"
"HBCx_22_BC231840","BC231840","HBCx_22"
"HBCx_22_BC232331","BC232331","HBCx_22"
"HBCx_22_BC235761","BC235761","HBCx_22"
"HBCx_22_BC236502","BC236502","HBCx_22"
"HBCx_22_BC242550","BC242550","HBCx_22"
"HBCx_22_BC246806","BC246806","HBCx_22"
"HBCx_22_BC248669","BC248669","HBCx_22"
"HBCx_22_BC248915","BC248915","HBCx_22"
"HBCx_22_BC252885","BC252885","HBCx_22"
"HBCx_22_BC255031","BC255031","HBCx_22"
"HBCx_22_BC259626","BC259626","HBCx_22"
"HBCx_22_BC261766","BC261766","HBCx_22"
"HBCx_22_BC262550","BC262550","HBCx_22"
"HBCx_22_BC262935","BC262935","HBCx_22"
"HBCx_22_BC263303","BC263303","HBCx_22"
"HBCx_22_BC264229","BC264229","HBCx_22"
"HBCx_22_BC264913","BC264913","HBCx_22"
"HBCx_22_BC265173","BC265173","HBCx_22"
"HBCx_22_BC266123","BC266123","HBCx_22"
"HBCx_22_BC267420","BC267420","HBCx_22"
"HBCx_22_BC274783","BC274783","HBCx_22"
"HBCx_22_BC282725","BC282725","HBCx_22"
"HBCx_22_BC284174","BC284174","HBCx_22"
"HBCx_22_BC285254","BC285254","HBCx_22"
"HBCx_22_BC290511","BC290511","HBCx_22"
"HBCx_22_BC291135","BC291135","HBCx_22"
"HBCx_22_BC291717","BC291717","HBCx_22"
"HBCx_22_BC292235","BC292235","HBCx_22"
"HBCx_22_BC294835","BC294835","HBCx_22"
"HBCx_22_BC306026","BC306026","HBCx_22"
"HBCx_22_BC308327","BC308327","HBCx_22"
"HBCx_22_BC309678","BC309678","HBCx_22"
"HBCx_22_BC311108","BC311108","HBCx_22"
"HBCx_22_BC311141","BC311141","HBCx_22"
"HBCx_22_BC314841","BC314841","HBCx_22"
"HBCx_22_BC317978","BC317978","HBCx_22"
"HBCx_22_BC318185","BC318185","HBCx_22"
"HBCx_22_BC320263","BC320263","HBCx_22"
"HBCx_22_BC324840","BC324840","HBCx_22"
"HBCx_22_BC334554","BC334554","HBCx_22"
"HBCx_22_BC335192","BC335192","HBCx_22"
"HBCx_22_BC336504","BC336504","HBCx_22"
"HBCx_22_BC337261","BC337261","HBCx_22"
"HBCx_22_BC338514","BC338514","HBCx_22"
"HBCx_22_BC342528","BC342528","HBCx_22"
"HBCx_22_BC342620","BC342620","HBCx_22"
"HBCx_22_BC343692","BC343692","HBCx_22"
"HBCx_22_BC344849","BC344849","HBCx_22"
"HBCx_22_BC350583","BC350583","HBCx_22"
"HBCx_22_BC352183","BC352183","HBCx_22"
"HBCx_22_BC354814","BC354814","HBCx_22"
"HBCx_22_BC355509","BC355509","HBCx_22"
"HBCx_22_BC358610","BC358610","HBCx_22"
"HBCx_22_BC359642","BC359642","HBCx_22"
"HBCx_22_BC363677","BC363677","HBCx_22"
"HBCx_22_BC364025","BC364025","HBCx_22"
"HBCx_22_BC369271","BC369271","HBCx_22"
"HBCx_22_BC374225","BC374225","HBCx_22"
"HBCx_22_BC374257","BC374257","HBCx_22"
"HBCx_22_BC376465","BC376465","HBCx_22"
"HBCx_22_BC376507","BC376507","HBCx_22"
"HBCx_22_BC379180","BC379180","HBCx_22"
"HBCx_22_BC381190","BC381190","HBCx_22"
"HBCx_22_BC381338","BC381338","HBCx_22"
"HBCx_22_BC387156","BC387156","HBCx_22"
"HBCx_22_BC388693","BC388693","HBCx_22"
"HBCx_22_BC392413","BC392413","HBCx_22"
"HBCx_22_BC396035","BC396035","HBCx_22"
"HBCx_22_BC399175","BC399175","HBCx_22"
"HBCx_22_BC405968","BC405968","HBCx_22"
"HBCx_22_BC407938","BC407938","HBCx_22"
"HBCx_22_BC408328","BC408328","HBCx_22"
"HBCx_22_BC410389","BC410389","HBCx_22"
"HBCx_22_BC422109","BC422109","HBCx_22"
"HBCx_22_BC424514","BC424514","HBCx_22"
"HBCx_22_BC426053","BC426053","HBCx_22"
"HBCx_22_BC426828","BC426828","HBCx_22"
"HBCx_22_BC434887","BC434887","HBCx_22"
"HBCx_22_BC435744","BC435744","HBCx_22"
"HBCx_22_BC436056","BC436056","HBCx_22"
"HBCx_22_BC438895","BC438895","HBCx_22"
"HBCx_22_BC439010","BC439010","HBCx_22"
"HBCx_22_BC442622","BC442622","HBCx_22"
"HBCx_22_BC443380","BC443380","HBCx_22"
"HBCx_22_BC447909","BC447909","HBCx_22"
"HBCx_22_BC453470","BC453470","HBCx_22"
"HBCx_22_BC454958","BC454958","HBCx_22"
"HBCx_22_BC464886","BC464886","HBCx_22"
"HBCx_22_BC470543","BC470543","HBCx_22"
"HBCx_22_BC472053","BC472053","HBCx_22"
"HBCx_22_BC472601","BC472601","HBCx_22"
"HBCx_22_BC476031","BC476031","HBCx_22"
"HBCx_22_BC479344","BC479344","HBCx_22"
"HBCx_22_BC486010","BC486010","HBCx_22"
"HBCx_22_BC487939","BC487939","HBCx_22"
"HBCx_22_BC489531","BC489531","HBCx_22"
"HBCx_22_BC493246","BC493246","HBCx_22"
"HBCx_22_BC494743","BC494743","HBCx_22"
"HBCx_22_BC496406","BC496406","HBCx_22"
"HBCx_22_BC498842","BC498842","HBCx_22"
"HBCx_22_BC512062","BC512062","HBCx_22"
"HBCx_22_BC515912","BC515912","HBCx_22"
"HBCx_22_BC519251","BC519251","HBCx_22"
"HBCx_22_BC522086","BC522086","HBCx_22"
"HBCx_22_BC524789","BC524789","HBCx_22"
"HBCx_22_BC524868","BC524868","HBCx_22"
"HBCx_22_BC525177","BC525177","HBCx_22"
"HBCx_22_BC526373","BC526373","HBCx_22"
"HBCx_22_BC526586","BC526586","HBCx_22"
"HBCx_22_BC526995","BC526995","HBCx_22"
"HBCx_22_BC528557","BC528557","HBCx_22"
"HBCx_22_BC531381","BC531381","HBCx_22"
"HBCx_22_BC536310","BC536310","HBCx_22"
"HBCx_22_BC538516","BC538516","HBCx_22"
"HBCx_22_BC539314","BC539314","HBCx_22"
"HBCx_22_BC544422","BC544422","HBCx_22"
"HBCx_22_BC547964","BC547964","HBCx_22"
"HBCx_22_BC551603","BC551603","HBCx_22"
"HBCx_22_BC553418","BC553418","HBCx_22"
"HBCx_22_BC554252","BC554252","HBCx_22"
"HBCx_22_BC556583","BC556583","HBCx_22"
"HBCx_22_BC559329","BC559329","HBCx_22"
"HBCx_22_BC559386","BC559386","HBCx_22"
"HBCx_22_BC561826","BC561826","HBCx_22"
"HBCx_22_BC562955","BC562955","HBCx_22"
"HBCx_22_BC569176","BC569176","HBCx_22"
"HBCx_22_BC570394","BC570394","HBCx_22"
"HBCx_22_BC571393","BC571393","HBCx_22"
"HBCx_22_BC576629","BC576629","HBCx_22"
"HBCx_22_BC578325","BC578325","HBCx_22"
"HBCx_22_BC579624","BC579624","HBCx_22"
"HBCx_22_BC594742","BC594742","HBCx_22"
"HBCx_22_BC614439","BC614439","HBCx_22"
"HBCx_22_BC615550","BC615550","HBCx_22"
"HBCx_22_BC616185","BC616185","HBCx_22"
"HBCx_22_BC622608","BC622608","HBCx_22"
"HBCx_22_BC625705","BC625705","HBCx_22"
"HBCx_22_BC625767","BC625767","HBCx_22"
"HBCx_22_BC626104","BC626104","HBCx_22"
"HBCx_22_BC628587","BC628587","HBCx_22"
"HBCx_22_BC629259","BC629259","HBCx_22"
"HBCx_22_BC633551","BC633551","HBCx_22"
"HBCx_22_BC634464","BC634464","HBCx_22"
"HBCx_22_BC635108","BC635108","HBCx_22"
"HBCx_22_BC636970","BC636970","HBCx_22"
"HBCx_22_BC638824","BC638824","HBCx_22"
"HBCx_22_BC650507","BC650507","HBCx_22"
"HBCx_22_BC654864","BC654864","HBCx_22"
"HBCx_22_BC658885","BC658885","HBCx_22"
"HBCx_22_BC659485","BC659485","HBCx_22"
"HBCx_22_BC664863","BC664863","HBCx_22"
"HBCx_22_BC674649","BC674649","HBCx_22"
"HBCx_22_BC679313","BC679313","HBCx_22"
"HBCx_22_BC683590","BC683590","HBCx_22"
"HBCx_22_BC684885","BC684885","HBCx_22"
"HBCx_22_BC687426","BC687426","HBCx_22"
"HBCx_22_BC687963","BC687963","HBCx_22"
"HBCx_22_BC715508","BC715508","HBCx_22"
"HBCx_22_BC717710","BC717710","HBCx_22"
"HBCx_22_BC719217","BC719217","HBCx_22"
"HBCx_22_BC719464","BC719464","HBCx_22"
"HBCx_22_BC720349","BC720349","HBCx_22"
"HBCx_22_BC724403","BC724403","HBCx_22"
"HBCx_22_BC727973","BC727973","HBCx_22"
"HBCx_22_BC734450","BC734450","HBCx_22"
"HBCx_22_BC739438","BC739438","HBCx_22"
"HBCx_22_BC742558","BC742558","HBCx_22"
"HBCx_22_BC747101","BC747101","HBCx_22"
"HBCx_22_BC750583","BC750583","HBCx_22"
"HBCx_22_BC754821","BC754821","HBCx_22"
"HBCx_22_BC757438","BC757438","HBCx_22"
"HBCx_22_BC760376","BC760376","HBCx_22"
"HBCx_22_BC761156","BC761156","HBCx_22"
"HBCx_22_BC773825","BC773825","HBCx_22"
"HBCx_22_BC774423","BC774423","HBCx_22"
"HBCx_22_BC775092","BC775092","HBCx_22"
"HBCx_22_BC775225","BC775225","HBCx_22"
"HBCx_22_BC781309","BC781309","HBCx_22"
"HBCx_22_BC782229","BC782229","HBCx_22"
"HBCx_22_BC786214","BC786214","HBCx_22"
"HBCx_22_BC789068","BC789068","HBCx_22"
"HBCx_22_BC792265","BC792265","HBCx_22"
"HBCx_22_BC807980","BC807980","HBCx_22"
"HBCx_22_BC821380","BC821380","HBCx_22"
"HBCx_22_BC821710","BC821710","HBCx_22"
"HBCx_22_BC825954","BC825954","HBCx_22"
"HBCx_22_BC825973","BC825973","HBCx_22"
"HBCx_22_BC826823","BC826823","HBCx_22"
"HBCx_22_BC827921","BC827921","HBCx_22"
"HBCx_22_BC828678","BC828678","HBCx_22"
"HBCx_22_BC831154","BC831154","HBCx_22"
"HBCx_22_BC831179","BC831179","HBCx_22"
"HBCx_22_BC832425","BC832425","HBCx_22"
"HBCx_22_BC834705","BC834705","HBCx_22"
"HBCx_22_BC836088","BC836088","HBCx_22"
"HBCx_22_BC836630","BC836630","HBCx_22"
"HBCx_22_BC839322","BC839322","HBCx_22"
"HBCx_22_BC855183","BC855183","HBCx_22"
"HBCx_22_BC858519","BC858519","HBCx_22"
"HBCx_22_BC865293","BC865293","HBCx_22"
"HBCx_22_BC866922","BC866922","HBCx_22"
"HBCx_22_BC867583","BC867583","HBCx_22"
"HBCx_22_BC874107","BC874107","HBCx_22"
"HBCx_22_BC875507","BC875507","HBCx_22"
"HBCx_22_BC882326","BC882326","HBCx_22"
"HBCx_22_BC883056","BC883056","HBCx_22"
"HBCx_22_BC894233","BC894233","HBCx_22"
"HBCx_22_BC895288","BC895288","HBCx_22"
"HBCx_22_BC897978","BC897978","HBCx_22"
"HBCx_22_BC901307","BC901307","HBCx_22"
"HBCx_22_BC901331","BC901331","HBCx_22"
"HBCx_22_BC901523","BC901523","HBCx_22"
"HBCx_22_BC901765","BC901765","HBCx_22"
"HBCx_22_BC903694","BC903694","HBCx_22"
"HBCx_22_BC904088","BC904088","HBCx_22"
"HBCx_22_BC904177","BC904177","HBCx_22"
"HBCx_22_BC905923","BC905923","HBCx_22"
"HBCx_22_BC906247","BC906247","HBCx_22"
"HBCx_22_BC906668","BC906668","HBCx_22"
"HBCx_22_BC909045","BC909045","HBCx_22"
"HBCx_22_BC909485","BC909485","HBCx_22"
"HBCx_22_BC918731","BC918731","HBCx_22"
"HBCx_22_BC919134","BC919134","HBCx_22"
"HBCx_22_BC920517","BC920517","HBCx_22"
"HBCx_22_BC932675","BC932675","HBCx_22"
"HBCx_22_BC933417","BC933417","HBCx_22"
"HBCx_22_BC933450","BC933450","HBCx_22"
"HBCx_22_BC934421","BC934421","HBCx_22"
"HBCx_22_BC934807","BC934807","HBCx_22"
"HBCx_22_BC934840","BC934840","HBCx_22"
"HBCx_22_BC934985","BC934985","HBCx_22"
"HBCx_22_BC939456","BC939456","HBCx_22"
"HBCx_22_BC942728","BC942728","HBCx_22"
"HBCx_22_BC942787","BC942787","HBCx_22"
"HBCx_22_BC942844","BC942844","HBCx_22"
"HBCx_22_BC943415","BC943415","HBCx_22"
"HBCx_22_BC946034","BC946034","HBCx_22"
"HBCx_22_BC949102","BC949102","HBCx_22"
"HBCx_22_BC949654","BC949654","HBCx_22"
"HBCx_22_BC962168","BC962168","HBCx_22"
"HBCx_22_BC962759","BC962759","HBCx_22"
"HBCx_22_BC963068","BC963068","HBCx_22"
"HBCx_22_BC963427","BC963427","HBCx_22"
"HBCx_22_BC966335","BC966335","HBCx_22"
"HBCx_22_BC968171","BC968171","HBCx_22"
"HBCx_22_BC969014","BC969014","HBCx_22"
"Jurkat_BC014756","BC014756","Jurkat"
"Jurkat_BC016038","BC016038","Jurkat"
"Jurkat_BC017933","BC017933","Jurkat"
"Jurkat_BC019403","BC019403","Jurkat"
"Jurkat_BC026045","BC026045","Jurkat"
"Jurkat_BC028768","BC028768","Jurkat"
"Jurkat_BC037452","BC037452","Jurkat"
"Jurkat_BC038964","BC038964","Jurkat"
"Jurkat_BC045072","BC045072","Jurkat"
"Jurkat_BC049031","BC049031","Jurkat"
"Jurkat_BC049678","BC049678","Jurkat"
"Jurkat_BC053093","BC053093","Jurkat"
"Jurkat_BC056949","BC056949","Jurkat"
"Jurkat_BC062611","BC062611","Jurkat"
"Jurkat_BC064040","BC064040","Jurkat"
"Jurkat_BC068969","BC068969","Jurkat"
"Jurkat_BC069394","BC069394","Jurkat"
"Jurkat_BC084857","BC084857","Jurkat"
"Jurkat_BC091705","BC091705","Jurkat"
"Jurkat_BC111111","BC111111","Jurkat"
"Jurkat_BC112703","BC112703","Jurkat"
"Jurkat_BC112878","BC112878","Jurkat"
"Jurkat_BC115927","BC115927","Jurkat"
"Jurkat_BC118785","BC118785","Jurkat"
"Jurkat_BC124945","BC124945","Jurkat"
"Jurkat_BC134130","BC134130","Jurkat"
"Jurkat_BC135102","BC135102","Jurkat"
"Jurkat_BC139553","BC139553","Jurkat"
"Jurkat_BC141376","BC141376","Jurkat"
"Jurkat_BC141634","BC141634","Jurkat"
"Jurkat_BC147509","BC147509","Jurkat"
"Jurkat_BC150230","BC150230","Jurkat"
"Jurkat_BC154266","BC154266","Jurkat"
"Jurkat_BC159151","BC159151","Jurkat"
"Jurkat_BC163604","BC163604","Jurkat"
"Jurkat_BC164882","BC164882","Jurkat"
"Jurkat_BC169419","BC169419","Jurkat"
"Jurkat_BC169674","BC169674","Jurkat"
"Jurkat_BC192716","BC192716","Jurkat"
"Jurkat_BC192802","BC192802","Jurkat"
"Jurkat_BC192963","BC192963","Jurkat"
"Jurkat_BC201126","BC201126","Jurkat"
"Jurkat_BC206059","BC206059","Jurkat"
"Jurkat_BC208527","BC208527","Jurkat"
"Jurkat_BC211675","BC211675","Jurkat"
"Jurkat_BC212895","BC212895","Jurkat"
"Jurkat_BC219085","BC219085","Jurkat"
"Jurkat_BC223282","BC223282","Jurkat"
"Jurkat_BC227238","BC227238","Jurkat"
"Jurkat_BC229082","BC229082","Jurkat"
"Jurkat_BC229136","BC229136","Jurkat"
"Jurkat_BC232620","BC232620","Jurkat"
"Jurkat_BC239351","BC239351","Jurkat"
"Jurkat_BC243029","BC243029","Jurkat"
"Jurkat_BC246085","BC246085","Jurkat"
"Jurkat_BC246806","BC246806","Jurkat"
"Jurkat_BC252331","BC252331","Jurkat"
"Jurkat_BC260283","BC260283","Jurkat"
"Jurkat_BC262533","BC262533","Jurkat"
"Jurkat_BC262913","BC262913","Jurkat"
"Jurkat_BC264838","BC264838","Jurkat"
"Jurkat_BC266732","BC266732","Jurkat"
"Jurkat_BC271349","BC271349","Jurkat"
"Jurkat_BC271574","BC271574","Jurkat"
"Jurkat_BC273320","BC273320","Jurkat"
"Jurkat_BC273827","BC273827","Jurkat"
"Jurkat_BC276113","BC276113","Jurkat"
"Jurkat_BC281338","BC281338","Jurkat"
"Jurkat_BC281848","BC281848","Jurkat"
"Jurkat_BC284811","BC284811","Jurkat"
"Jurkat_BC289634","BC289634","Jurkat"
"Jurkat_BC291190","BC291190","Jurkat"
"Jurkat_BC292385","BC292385","Jurkat"
"Jurkat_BC292790","BC292790","Jurkat"
"Jurkat_BC294785","BC294785","Jurkat"
"Jurkat_BC296064","BC296064","Jurkat"
"Jurkat_BC300368","BC300368","Jurkat"
"Jurkat_BC311771","BC311771","Jurkat"
"Jurkat_BC318150","BC318150","Jurkat"
"Jurkat_BC321141","BC321141","Jurkat"
"Jurkat_BC321190","BC321190","Jurkat"
"Jurkat_BC323239","BC323239","Jurkat"
"Jurkat_BC329011","BC329011","Jurkat"
"Jurkat_BC332768","BC332768","Jurkat"
"Jurkat_BC332845","BC332845","Jurkat"
"Jurkat_BC339276","BC339276","Jurkat"
"Jurkat_BC347769","BC347769","Jurkat"
"Jurkat_BC349170","BC349170","Jurkat"
"Jurkat_BC351103","BC351103","Jurkat"
"Jurkat_BC352425","BC352425","Jurkat"
"Jurkat_BC358174","BC358174","Jurkat"
"Jurkat_BC361123","BC361123","Jurkat"
"Jurkat_BC366088","BC366088","Jurkat"
"Jurkat_BC366138","BC366138","Jurkat"
"Jurkat_BC366974","BC366974","Jurkat"
"Jurkat_BC374373","BC374373","Jurkat"
"Jurkat_BC375167","BC375167","Jurkat"
"Jurkat_BC381154","BC381154","Jurkat"
"Jurkat_BC382951","BC382951","Jurkat"
"Jurkat_BC385158","BC385158","Jurkat"
"Jurkat_BC387366","BC387366","Jurkat"
"Jurkat_BC394490","BC394490","Jurkat"
"Jurkat_BC398610","BC398610","Jurkat"
"Jurkat_BC400232","BC400232","Jurkat"
"Jurkat_BC413452","BC413452","Jurkat"
"Jurkat_BC414169","BC414169","Jurkat"
"Jurkat_BC422185","BC422185","Jurkat"
"Jurkat_BC423306","BC423306","Jurkat"
"Jurkat_BC424151","BC424151","Jurkat"
"Jurkat_BC428749","BC428749","Jurkat"
"Jurkat_BC432959","BC432959","Jurkat"
"Jurkat_BC438625","BC438625","Jurkat"
"Jurkat_BC439273","BC439273","Jurkat"
"Jurkat_BC442251","BC442251","Jurkat"
"Jurkat_BC442654","BC442654","Jurkat"
"Jurkat_BC447901","BC447901","Jurkat"
"Jurkat_BC454120","BC454120","Jurkat"
"Jurkat_BC456480","BC456480","Jurkat"
"Jurkat_BC458194","BC458194","Jurkat"
"Jurkat_BC461173","BC461173","Jurkat"
"Jurkat_BC464150","BC464150","Jurkat"
"Jurkat_BC464835","BC464835","Jurkat"
"Jurkat_BC467393","BC467393","Jurkat"
"Jurkat_BC468968","BC468968","Jurkat"
"Jurkat_BC476356","BC476356","Jurkat"
"Jurkat_BC477634","BC477634","Jurkat"
"Jurkat_BC479189","BC479189","Jurkat"
"Jurkat_BC479275","BC479275","Jurkat"
"Jurkat_BC488520","BC488520","Jurkat"
"Jurkat_BC507404","BC507404","Jurkat"
"Jurkat_BC509640","BC509640","Jurkat"
"Jurkat_BC519193","BC519193","Jurkat"
"Jurkat_BC522108","BC522108","Jurkat"
"Jurkat_BC525146","BC525146","Jurkat"
"Jurkat_BC526931","BC526931","Jurkat"
"Jurkat_BC533075","BC533075","Jurkat"
"Jurkat_BC539133","BC539133","Jurkat"
"Jurkat_BC543506","BC543506","Jurkat"
"Jurkat_BC544285","BC544285","Jurkat"
"Jurkat_BC559441","BC559441","Jurkat"
"Jurkat_BC559575","BC559575","Jurkat"
"Jurkat_BC565185","BC565185","Jurkat"
"Jurkat_BC566012","BC566012","Jurkat"
"Jurkat_BC567363","BC567363","Jurkat"
"Jurkat_BC572066","BC572066","Jurkat"
"Jurkat_BC592461","BC592461","Jurkat"
"Jurkat_BC592625","BC592625","Jurkat"
"Jurkat_BC611788","BC611788","Jurkat"
"Jurkat_BC616909","BC616909","Jurkat"
"Jurkat_BC618625","BC618625","Jurkat"
"Jurkat_BC624864","BC624864","Jurkat"
"Jurkat_BC639253","BC639253","Jurkat"
"Jurkat_BC643085","BC643085","Jurkat"
"Jurkat_BC650380","BC650380","Jurkat"
"Jurkat_BC663010","BC663010","Jurkat"
"Jurkat_BC665926","BC665926","Jurkat"
"Jurkat_BC667475","BC667475","Jurkat"
"Jurkat_BC685795","BC685795","Jurkat"
"Jurkat_BC689627","BC689627","Jurkat"
"Jurkat_BC717530","BC717530","Jurkat"
"Jurkat_BC723530","BC723530","Jurkat"
"Jurkat_BC735583","BC735583","Jurkat"
"Jurkat_BC736376","BC736376","Jurkat"
"Jurkat_BC742359","BC742359","Jurkat"
"Jurkat_BC749439","BC749439","Jurkat"
"Jurkat_BC751190","BC751190","Jurkat"
"Jurkat_BC752707","BC752707","Jurkat"
"Jurkat_BC756520","BC756520","Jurkat"
"Jurkat_BC760250","BC760250","Jurkat"
"Jurkat_BC766317","BC766317","Jurkat"
"Jurkat_BC769389","BC769389","Jurkat"
"Jurkat_BC774223","BC774223","Jurkat"
"Jurkat_BC787452","BC787452","Jurkat"
"Jurkat_BC789185","BC789185","Jurkat"
"Jurkat_BC789288","BC789288","Jurkat"
"Jurkat_BC789591","BC789591","Jurkat"
"Jurkat_BC792415","BC792415","Jurkat"
"Jurkat_BC795589","BC795589","Jurkat"
"Jurkat_BC805542","BC805542","Jurkat"
"Jurkat_BC828720","BC828720","Jurkat"
"Jurkat_BC834641","BC834641","Jurkat"
"Jurkat_BC835564","BC835564","Jurkat"
"Jurkat_BC855371","BC855371","Jurkat"
"Jurkat_BC878120","BC878120","Jurkat"
"Jurkat_BC878524","BC878524","Jurkat"
"Jurkat_BC894953","BC894953","Jurkat"
"Jurkat_BC895221","BC895221","Jurkat"
"Jurkat_BC900212","BC900212","Jurkat"
"Jurkat_BC909323","BC909323","Jurkat"
"Jurkat_BC911960","BC911960","Jurkat"
"Jurkat_BC912446","BC912446","Jurkat"
"Jurkat_BC922877","BC922877","Jurkat"
"Jurkat_BC932783","BC932783","Jurkat"
"Jurkat_BC936457","BC936457","Jurkat"
"Jurkat_BC944847","BC944847","Jurkat"
"Jurkat_BC951125","BC951125","Jurkat"
"Jurkat_BC960321","BC960321","Jurkat"
"Jurkat_BC960569","BC960569","Jurkat"
"Jurkat_BC960585","BC960585","Jurkat"
"Jurkat_BC965275","BC965275","Jurkat"
"Jurkat_BC968511","BC968511","Jurkat"
"MM468_BC015995","BC015995","MM468"
"MM468_BC019184","BC019184","MM468"
"MM468_BC021592","BC021592","MM468"
"MM468_BC023806","BC023806","MM468"
"MM468_BC024204","BC024204","MM468"
"MM468_BC024579","BC024579","MM468"
"MM468_BC044320","BC044320","MM468"
"MM468_BC044838","BC044838","MM468"
"MM468_BC048113","BC048113","MM468"
"MM468_BC048782","BC048782","MM468"
"MM468_BC049439","BC049439","MM468"
"MM468_BC057313","BC057313","MM468"
"MM468_BC058386","BC058386","MM468"
"MM468_BC058781","BC058781","MM468"
"MM468_BC059213","BC059213","MM468"
"MM468_BC059527","BC059527","MM468"
"MM468_BC059696","BC059696","MM468"
"MM468_BC061710","BC061710","MM468"
"MM468_BC061963","BC061963","MM468"
"MM468_BC062450","BC062450","MM468"
"MM468_BC072963","BC072963","MM468"
"MM468_BC076987","BC076987","MM468"
"MM468_BC077613","BC077613","MM468"
"MM468_BC077663","BC077663","MM468"
"MM468_BC079581","BC079581","MM468"
"MM468_BC079651","BC079651","MM468"
"MM468_BC081789","BC081789","MM468"
"MM468_BC083163","BC083163","MM468"
"MM468_BC085916","BC085916","MM468"
"MM468_BC087214","BC087214","MM468"
"MM468_BC087766","BC087766","MM468"
"MM468_BC093386","BC093386","MM468"
"MM468_BC095966","BC095966","MM468"
"MM468_BC096023","BC096023","MM468"
"MM468_BC097642","BC097642","MM468"
"MM468_BC098704","BC098704","MM468"
"MM468_BC101658","BC101658","MM468"
"MM468_BC103678","BC103678","MM468"
"MM468_BC104011","BC104011","MM468"
"MM468_BC104363","BC104363","MM468"
"MM468_BC104827","BC104827","MM468"
"MM468_BC105305","BC105305","MM468"
"MM468_BC105779","BC105779","MM468"
"MM468_BC108314","BC108314","MM468"
"MM468_BC108449","BC108449","MM468"
"MM468_BC111953","BC111953","MM468"
"MM468_BC113338","BC113338","MM468"
"MM468_BC114238","BC114238","MM468"
"MM468_BC118372","BC118372","MM468"
"MM468_BC121732","BC121732","MM468"
"MM468_BC121817","BC121817","MM468"
"MM468_BC124816","BC124816","MM468"
"MM468_BC124855","BC124855","MM468"
"MM468_BC126017","BC126017","MM468"
"MM468_BC126024","BC126024","MM468"
"MM468_BC127635","BC127635","MM468"
"MM468_BC128006","BC128006","MM468"
"MM468_BC128424","BC128424","MM468"
"MM468_BC128442","BC128442","MM468"
"MM468_BC128813","BC128813","MM468"
"MM468_BC129149","BC129149","MM468"
"MM468_BC131550","BC131550","MM468"
"MM468_BC134227","BC134227","MM468"
"MM468_BC138150","BC138150","MM468"
"MM468_BC138850","BC138850","MM468"
"MM468_BC139255","BC139255","MM468"
"MM468_BC143068","BC143068","MM468"
"MM468_BC143685","BC143685","MM468"
"MM468_BC145568","BC145568","MM468"
"MM468_BC146378","BC146378","MM468"
"MM468_BC146664","BC146664","MM468"
"MM468_BC149352","BC149352","MM468"
"MM468_BC149576","BC149576","MM468"
"MM468_BC151713","BC151713","MM468"
"MM468_BC151894","BC151894","MM468"
"MM468_BC157225","BC157225","MM468"
"MM468_BC157920","BC157920","MM468"
"MM468_BC158825","BC158825","MM468"
"MM468_BC168391","BC168391","MM468"
"MM468_BC173058","BC173058","MM468"
"MM468_BC173327","BC173327","MM468"
"MM468_BC173423","BC173423","MM468"
"MM468_BC174051","BC174051","MM468"
"MM468_BC174282","BC174282","MM468"
"MM468_BC176372","BC176372","MM468"
"MM468_BC176938","BC176938","MM468"
"MM468_BC177215","BC177215","MM468"
"MM468_BC178412","BC178412","MM468"
"MM468_BC179258","BC179258","MM468"
"MM468_BC179625","BC179625","MM468"
"MM468_BC183068","BC183068","MM468"
"MM468_BC184116","BC184116","MM468"
"MM468_BC184927","BC184927","MM468"
"MM468_BC186350","BC186350","MM468"
"MM468_BC189284","BC189284","MM468"
"MM468_BC193895","BC193895","MM468"
"MM468_BC194283","BC194283","MM468"
"MM468_BC196884","BC196884","MM468"
"MM468_BC199456","BC199456","MM468"
"MM468_BC199475","BC199475","MM468"
"MM468_BC199532","BC199532","MM468"
"MM468_BC199549","BC199549","MM468"
"MM468_BC204653","BC204653","MM468"
"MM468_BC206929","BC206929","MM468"
"MM468_BC207306","BC207306","MM468"
"MM468_BC211712","BC211712","MM468"
"MM468_BC211772","BC211772","MM468"
"MM468_BC215377","BC215377","MM468"
"MM468_BC215383","BC215383","MM468"
"MM468_BC215570","BC215570","MM468"
"MM468_BC218076","BC218076","MM468"
"MM468_BC221714","BC221714","MM468"
"MM468_BC223149","BC223149","MM468"
"MM468_BC224902","BC224902","MM468"
"MM468_BC226516","BC226516","MM468"
"MM468_BC226660","BC226660","MM468"
"MM468_BC226990","BC226990","MM468"
"MM468_BC229402","BC229402","MM468"
"MM468_BC231642","BC231642","MM468"
"MM468_BC232435","BC232435","MM468"
"MM468_BC233073","BC233073","MM468"
"MM468_BC238262","BC238262","MM468"
"MM468_BC239622","BC239622","MM468"
"MM468_BC241727","BC241727","MM468"
"MM468_BC246027","BC246027","MM468"
"MM468_BC246841","BC246841","MM468"
"MM468_BC247924","BC247924","MM468"
"MM468_BC248163","BC248163","MM468"
"MM468_BC249519","BC249519","MM468"
"MM468_BC251827","BC251827","MM468"
"MM468_BC253396","BC253396","MM468"
"MM468_BC253665","BC253665","MM468"
"MM468_BC255374","BC255374","MM468"
"MM468_BC258310","BC258310","MM468"
"MM468_BC259551","BC259551","MM468"
"MM468_BC264549","BC264549","MM468"
"MM468_BC264825","BC264825","MM468"
"MM468_BC265772","BC265772","MM468"
"MM468_BC268301","BC268301","MM468"
"MM468_BC269653","BC269653","MM468"
"MM468_BC273625","BC273625","MM468"
"MM468_BC273813","BC273813","MM468"
"MM468_BC274671","BC274671","MM468"
"MM468_BC278291","BC278291","MM468"
"MM468_BC278351","BC278351","MM468"
"MM468_BC282041","BC282041","MM468"
"MM468_BC286727","BC286727","MM468"
"MM468_BC288725","BC288725","MM468"
"MM468_BC291377","BC291377","MM468"
"MM468_BC293235","BC293235","MM468"
"MM468_BC293285","BC293285","MM468"
"MM468_BC294889","BC294889","MM468"
"MM468_BC295373","BC295373","MM468"
"MM468_BC295742","BC295742","MM468"
"MM468_BC296121","BC296121","MM468"
"MM468_BC297287","BC297287","MM468"
"MM468_BC298349","BC298349","MM468"
"MM468_BC298729","BC298729","MM468"
"MM468_BC299217","BC299217","MM468"
"MM468_BC301313","BC301313","MM468"
"MM468_BC302102","BC302102","MM468"
"MM468_BC305302","BC305302","MM468"
"MM468_BC306627","BC306627","MM468"
"MM468_BC308088","BC308088","MM468"
"MM468_BC313867","BC313867","MM468"
"MM468_BC314009","BC314009","MM468"
"MM468_BC314063","BC314063","MM468"
"MM468_BC314238","BC314238","MM468"
"MM468_BC314527","BC314527","MM468"
"MM468_BC314535","BC314535","MM468"
"MM468_BC314572","BC314572","MM468"
"MM468_BC319658","BC319658","MM468"
"MM468_BC321311","BC321311","MM468"
"MM468_BC321312","BC321312","MM468"
"MM468_BC323074","BC323074","MM468"
"MM468_BC323268","BC323268","MM468"
"MM468_BC323618","BC323618","MM468"
"MM468_BC324578","BC324578","MM468"
"MM468_BC324583","BC324583","MM468"
"MM468_BC327185","BC327185","MM468"
"MM468_BC328419","BC328419","MM468"
"MM468_BC328423","BC328423","MM468"
"MM468_BC328763","BC328763","MM468"
"MM468_BC329339","BC329339","MM468"
"MM468_BC332442","BC332442","MM468"
"MM468_BC333327","BC333327","MM468"
"MM468_BC334549","BC334549","MM468"
"MM468_BC334671","BC334671","MM468"
"MM468_BC339386","BC339386","MM468"
"MM468_BC339601","BC339601","MM468"
"MM468_BC343031","BC343031","MM468"
"MM468_BC345351","BC345351","MM468"
"MM468_BC345355","BC345355","MM468"
"MM468_BC346865","BC346865","MM468"
"MM468_BC347632","BC347632","MM468"
"MM468_BC348324","BC348324","MM468"
"MM468_BC351564","BC351564","MM468"
"MM468_BC351632","BC351632","MM468"
"MM468_BC353090","BC353090","MM468"
"MM468_BC354006","BC354006","MM468"
"MM468_BC354185","BC354185","MM468"
"MM468_BC354264","BC354264","MM468"
"MM468_BC354311","BC354311","MM468"
"MM468_BC355706","BC355706","MM468"
"MM468_BC356355","BC356355","MM468"
"MM468_BC357215","BC357215","MM468"
"MM468_BC357610","BC357610","MM468"
"MM468_BC357723","BC357723","MM468"
"MM468_BC358770","BC358770","MM468"
"MM468_BC359651","BC359651","MM468"
"MM468_BC359696","BC359696","MM468"
"MM468_BC361322","BC361322","MM468"
"MM468_BC361685","BC361685","MM468"
"MM468_BC362909","BC362909","MM468"
"MM468_BC366327","BC366327","MM468"
"MM468_BC366525","BC366525","MM468"
"MM468_BC366705","BC366705","MM468"
"MM468_BC367119","BC367119","MM468"
"MM468_BC368301","BC368301","MM468"
"MM468_BC368487","BC368487","MM468"
"MM468_BC371996","BC371996","MM468"
"MM468_BC373058","BC373058","MM468"
"MM468_BC375390","BC375390","MM468"
"MM468_BC377935","BC377935","MM468"
"MM468_BC379503","BC379503","MM468"
"MM468_BC382985","BC382985","MM468"
"MM468_BC384372","BC384372","MM468"
"MM468_BC385564","BC385564","MM468"
"MM468_BC386329","BC386329","MM468"
"MM468_BC386342","BC386342","MM468"
"MM468_BC387132","BC387132","MM468"
"MM468_BC388722","BC388722","MM468"
"MM468_BC391624","BC391624","MM468"
"MM468_BC392929","BC392929","MM468"
"MM468_BC393350","BC393350","MM468"
"MM468_BC396640","BC396640","MM468"
"MM468_BC396749","BC396749","MM468"
"MM468_BC398321","BC398321","MM468"
"MM468_BC398431","BC398431","MM468"
"MM468_BC398817","BC398817","MM468"
"MM468_BC401309","BC401309","MM468"
"MM468_BC403358","BC403358","MM468"
"MM468_BC404385","BC404385","MM468"
"MM468_BC405511","BC405511","MM468"
"MM468_BC406676","BC406676","MM468"
"MM468_BC406931","BC406931","MM468"
"MM468_BC408482","BC408482","MM468"
"MM468_BC494021","BC494021","MM468"
"MM468_BC494968","BC494968","MM468"
"MM468_BC496877","BC496877","MM468"
"MM468_BC498138","BC498138","MM468"
"MM468_BC498312","BC498312","MM468"
"MM468_BC499591","BC499591","MM468"
"MM468_BC522971","BC522971","MM468"
"MM468_BC524816","BC524816","MM468"
"MM468_BC525396","BC525396","MM468"
"MM468_BC525538","BC525538","MM468"
"MM468_BC527151","BC527151","MM468"
"MM468_BC527258","BC527258","MM468"
"MM468_BC527925","BC527925","MM468"
"MM468_BC527965","BC527965","MM468"
"MM468_BC551325","BC551325","MM468"
"MM468_BC551609","BC551609","MM468"
"MM468_BC551758","BC551758","MM468"
"MM468_BC552069","BC552069","MM468"
"MM468_BC553202","BC553202","MM468"
"MM468_BC553318","BC553318","MM468"
"MM468_BC553392","BC553392","MM468"
"MM468_BC553649","BC553649","MM468"
"MM468_BC554002","BC554002","MM468"
"MM468_BC554091","BC554091","MM468"
"MM468_BC554563","BC554563","MM468"
"MM468_BC554896","BC554896","MM468"
"MM468_BC555513","BC555513","MM468"
"MM468_BC555539","BC555539","MM468"
"MM468_BC555749","BC555749","MM468"
"MM468_BC556649","BC556649","MM468"
"MM468_BC556960","BC556960","MM468"
"MM468_BC556986","BC556986","MM468"
"MM468_BC557678","BC557678","MM468"
"MM468_BC558124","BC558124","MM468"
"MM468_BC558273","BC558273","MM468"
"MM468_BC558378","BC558378","MM468"
"MM468_BC558819","BC558819","MM468"
"MM468_BC559274","BC559274","MM468"
"MM468_BC571529","BC571529","MM468"
"MM468_BC571653","BC571653","MM468"
"MM468_BC576681","BC576681","MM468"
"MM468_BC578724","BC578724","MM468"
"MM468_BC579477","BC579477","MM468"
"MM468_BC591313","BC591313","MM468"
"MM468_BC591363","BC591363","MM468"
"MM468_BC591669","BC591669","MM468"
"MM468_BC591777","BC591777","MM468"
"MM468_BC593088","BC593088","MM468"
"MM468_BC594084","BC594084","MM468"
"MM468_BC594110","BC594110","MM468"
"MM468_BC594225","BC594225","MM468"
"MM468_BC594558","BC594558","MM468"
"MM468_BC594814","BC594814","MM468"
"MM468_BC598092","BC598092","MM468"
"MM468_BC598266","BC598266","MM468"
"MM468_BC598507","BC598507","MM468"
"MM468_BC599108","BC599108","MM468"
"MM468_BC599311","BC599311","MM468"
"MM468_BC599614","BC599614","MM468"
"MM468_BC611301","BC611301","MM468"
"MM468_BC612038","BC612038","MM468"
"MM468_BC613050","BC613050","MM468"
"MM468_BC613075","BC613075","MM468"
"MM468_BC614814","BC614814","MM468"
"MM468_BC615302","BC615302","MM468"
"MM468_BC618350","BC618350","MM468"
"MM468_BC618555","BC618555","MM468"
"MM468_BC623025","BC623025","MM468"
"MM468_BC623027","BC623027","MM468"
"MM468_BC624255","BC624255","MM468"
"MM468_BC627164","BC627164","MM468"
"MM468_BC629273","BC629273","MM468"
"MM468_BC633389","BC633389","MM468"
"MM468_BC638105","BC638105","MM468"
"MM468_BC638819","BC638819","MM468"
"MM468_BC639203","BC639203","MM468"
"MM468_BC641555","BC641555","MM468"
"MM468_BC641802","BC641802","MM468"
"MM468_BC641839","BC641839","MM468"
"MM468_BC647620","BC647620","MM468"
"MM468_BC652085","BC652085","MM468"
"MM468_BC656384","BC656384","MM468"
"MM468_BC656827","BC656827","MM468"
"MM468_BC658168","BC658168","MM468"
"MM468_BC661838","BC661838","MM468"
"MM468_BC664549","BC664549","MM468"
"MM468_BC664849","BC664849","MM468"
"MM468_BC668211","BC668211","MM468"
"MM468_BC668285","BC668285","MM468"
"MM468_BC668338","BC668338","MM468"
"MM468_BC674272","BC674272","MM468"
"MM468_BC674805","BC674805","MM468"
"MM468_BC675796","BC675796","MM468"
"MM468_BC678022","BC678022","MM468"
"MM468_BC678863","BC678863","MM468"
"MM468_BC679535","BC679535","MM468"
"MM468_BC679564","BC679564","MM468"
"MM468_BC681566","BC681566","MM468"
"MM468_BC682081","BC682081","MM468"
"MM468_BC682082","BC682082","MM468"
"MM468_BC683069","BC683069","MM468"
"MM468_BC683235","BC683235","MM468"
"MM468_BC685014","BC685014","MM468"
"MM468_BC686809","BC686809","MM468"
"MM468_BC686835","BC686835","MM468"
"MM468_BC688788","BC688788","MM468"
"MM468_BC722079","BC722079","MM468"
"MM468_BC723079","BC723079","MM468"
"MM468_BC727124","BC727124","MM468"
"MM468_BC729663","BC729663","MM468"
"MM468_BC733235","BC733235","MM468"
"MM468_BC734065","BC734065","MM468"
"MM468_BC734224","BC734224","MM468"
"MM468_BC735541","BC735541","MM468"
"MM468_BC737206","BC737206","MM468"
"MM468_BC741649","BC741649","MM468"
"MM468_BC749638","BC749638","MM468"
"MM468_BC754880","BC754880","MM468"
"MM468_BC757931","BC757931","MM468"
"MM468_BC764267","BC764267","MM468"
"MM468_BC764631","BC764631","MM468"
"MM468_BC767225","BC767225","MM468"
"MM468_BC767711","BC767711","MM468"
"MM468_BC768185","BC768185","MM468"
"MM468_BC773031","BC773031","MM468"
"MM468_BC773281","BC773281","MM468"
"MM468_BC777929","BC777929","MM468"
"MM468_BC779356","BC779356","MM468"
"MM468_BC784909","BC784909","MM468"
"MM468_BC791925","BC791925","MM468"
"MM468_BC793024","BC793024","MM468"
"MM468_BC793432","BC793432","MM468"
"MM468_BC794215","BC794215","MM468"
"MM468_BC804812","BC804812","MM468"
"MM468_BC807629","BC807629","MM468"
"MM468_BC808817","BC808817","MM468"
"MM468_BC814196","BC814196","MM468"
"MM468_BC818349","BC818349","MM468"
"MM468_BC819370","BC819370","MM468"
"MM468_BC822069","BC822069","MM468"
"MM468_BC822450","BC822450","MM468"
"MM468_BC824925","BC824925","MM468"
"MM468_BC827201","BC827201","MM468"
"MM468_BC832035","BC832035","MM468"
"MM468_BC834291","BC834291","MM468"
"MM468_BC834914","BC834914","MM468"
"MM468_BC835386","BC835386","MM468"
"MM468_BC836149","BC836149","MM468"
"MM468_BC836355","BC836355","MM468"
"MM468_BC839332","BC839332","MM468"
"MM468_BC844153","BC844153","MM468"
"MM468_BC848302","BC848302","MM468"
"MM468_BC855355","BC855355","MM468"
"MM468_BC855740","BC855740","MM468"
"MM468_BC856883","BC856883","MM468"
"MM468_BC864576","BC864576","MM468"
"MM468_BC865781","BC865781","MM468"
"MM468_BC866027","BC866027","MM468"
"MM468_BC866870","BC866870","MM468"
"MM468_BC873225","BC873225","MM468"
"MM468_BC877203","BC877203","MM468"
"MM468_BC877249","BC877249","MM468"
"MM468_BC877284","BC877284","MM468"
"MM468_BC881706","BC881706","MM468"
"MM468_BC882913","BC882913","MM468"
"MM468_BC884132","BC884132","MM468"
"MM468_BC885311","BC885311","MM468"
"MM468_BC887635","BC887635","MM468"
"MM468_BC893075","BC893075","MM468"
"MM468_BC894864","BC894864","MM468"
"MM468_BC897371","BC897371","MM468"
"MM468_BC898003","BC898003","MM468"
"MM468_BC902135","BC902135","MM468"
"MM468_BC904995","BC904995","MM468"
"MM468_BC905375","BC905375","MM468"
"MM468_BC913013","BC913013","MM468"
"MM468_BC914001","BC914001","MM468"
"MM468_BC917625","BC917625","MM468"
"MM468_BC919432","BC919432","MM468"
"MM468_BC921995","BC921995","MM468"
"MM468_BC922465","BC922465","MM468"
"MM468_BC924268","BC924268","MM468"
"MM468_BC925391","BC925391","MM468"
"MM468_BC925932","BC925932","MM468"
"MM468_BC927672","BC927672","MM468"
"MM468_BC927925","BC927925","MM468"
"MM468_BC927927","BC927927","MM468"
"MM468_BC928127","BC928127","MM468"
"MM468_BC928276","BC928276","MM468"
"MM468_BC931567","BC931567","MM468"
"MM468_BC934996","BC934996","MM468"
"MM468_BC938866","BC938866","MM468"
"MM468_BC946562","BC946562","MM468"
"MM468_BC947212","BC947212","MM468"
"MM468_BC947613","BC947613","MM468"
"MM468_BC949217","BC949217","MM468"
"MM468_BC958358","BC958358","MM468"
"MM468_BC958725","BC958725","MM468"
"MM468_BC962902","BC962902","MM468"
"MM468_BC964577","BC964577","MM468"
"MM468_BC966177","BC966177","MM468"
"MM468_BC966313","BC966313","MM468"
"MM468_BC966735","BC966735","MM468"
"MM468_BC968365","BC968365","MM468"
"MM468_BC969174","BC969174","MM468"
"MM468_BC969275","BC969275","MM468"
"MM468_BC969667","BC969667","MM468"
"Ramos_BC012766","BC012766","Ramos"
"Ramos_BC013666","BC013666","Ramos"
"Ramos_BC019011","BC019011","Ramos"
"Ramos_BC019318","BC019318","Ramos"
"Ramos_BC019378","BC019378","Ramos"
"Ramos_BC022090","BC022090","Ramos"
"Ramos_BC024873","BC024873","Ramos"
"Ramos_BC028350","BC028350","Ramos"
"Ramos_BC029621","BC029621","Ramos"
"Ramos_BC029635","BC029635","Ramos"
"Ramos_BC031107","BC031107","Ramos"
"Ramos_BC034489","BC034489","Ramos"
"Ramos_BC035225","BC035225","Ramos"
"Ramos_BC036035","BC036035","Ramos"
"Ramos_BC036285","BC036285","Ramos"
"Ramos_BC038191","BC038191","Ramos"
"Ramos_BC041883","BC041883","Ramos"
"Ramos_BC042721","BC042721","Ramos"
"Ramos_BC047926","BC047926","Ramos"
"Ramos_BC048889","BC048889","Ramos"
"Ramos_BC049674","BC049674","Ramos"
"Ramos_BC051390","BC051390","Ramos"
"Ramos_BC056039","BC056039","Ramos"
"Ramos_BC056407","BC056407","Ramos"
"Ramos_BC056849","BC056849","Ramos"
"Ramos_BC063462","BC063462","Ramos"
"Ramos_BC064026","BC064026","Ramos"
"Ramos_BC064815","BC064815","Ramos"
"Ramos_BC067568","BC067568","Ramos"
"Ramos_BC075583","BC075583","Ramos"
"Ramos_BC076667","BC076667","Ramos"
"Ramos_BC081351","BC081351","Ramos"
"Ramos_BC084232","BC084232","Ramos"
"Ramos_BC087321","BC087321","Ramos"
"Ramos_BC091135","BC091135","Ramos"
"Ramos_BC091626","BC091626","Ramos"
"Ramos_BC095123","BC095123","Ramos"
"Ramos_BC102095","BC102095","Ramos"
"Ramos_BC102988","BC102988","Ramos"
"Ramos_BC105277","BC105277","Ramos"
"Ramos_BC109270","BC109270","Ramos"
"Ramos_BC110583","BC110583","Ramos"
"Ramos_BC117305","BC117305","Ramos"
"Ramos_BC117592","BC117592","Ramos"
"Ramos_BC118690","BC118690","Ramos"
"Ramos_BC119146","BC119146","Ramos"
"Ramos_BC119325","BC119325","Ramos"
"Ramos_BC123538","BC123538","Ramos"
"Ramos_BC132612","BC132612","Ramos"
"Ramos_BC136169","BC136169","Ramos"
"Ramos_BC143005","BC143005","Ramos"
"Ramos_BC145155","BC145155","Ramos"
"Ramos_BC146578","BC146578","Ramos"
"Ramos_BC146662","BC146662","Ramos"
"Ramos_BC148589","BC148589","Ramos"
"Ramos_BC148913","BC148913","Ramos"
"Ramos_BC151188","BC151188","Ramos"
"Ramos_BC151340","BC151340","Ramos"
"Ramos_BC155779","BC155779","Ramos"
"Ramos_BC155955","BC155955","Ramos"
"Ramos_BC157721","BC157721","Ramos"
"Ramos_BC158950","BC158950","Ramos"
"Ramos_BC159070","BC159070","Ramos"
"Ramos_BC161629","BC161629","Ramos"
"Ramos_BC164024","BC164024","Ramos"
"Ramos_BC169176","BC169176","Ramos"
"Ramos_BC169432","BC169432","Ramos"
"Ramos_BC171182","BC171182","Ramos"
"Ramos_BC176053","BC176053","Ramos"
"Ramos_BC176247","BC176247","Ramos"
"Ramos_BC193585","BC193585","Ramos"
"Ramos_BC197012","BC197012","Ramos"
"Ramos_BC197291","BC197291","Ramos"
"Ramos_BC202278","BC202278","Ramos"
"Ramos_BC205103","BC205103","Ramos"
"Ramos_BC209473","BC209473","Ramos"
"Ramos_BC212240","BC212240","Ramos"
"Ramos_BC212476","BC212476","Ramos"
"Ramos_BC218751","BC218751","Ramos"
"Ramos_BC221341","BC221341","Ramos"
"Ramos_BC226785","BC226785","Ramos"
"Ramos_BC229246","BC229246","Ramos"
"Ramos_BC232723","BC232723","Ramos"
"Ramos_BC234292","BC234292","Ramos"
"Ramos_BC238989","BC238989","Ramos"
"Ramos_BC247155","BC247155","Ramos"
"Ramos_BC251650","BC251650","Ramos"
"Ramos_BC251983","BC251983","Ramos"
"Ramos_BC253233","BC253233","Ramos"
"Ramos_BC254560","BC254560","Ramos"
"Ramos_BC254966","BC254966","Ramos"
"Ramos_BC258781","BC258781","Ramos"
"Ramos_BC264754","BC264754","Ramos"
"Ramos_BC267459","BC267459","Ramos"
"Ramos_BC269226","BC269226","Ramos"
"Ramos_BC278145","BC278145","Ramos"
"Ramos_BC279511","BC279511","Ramos"
"Ramos_BC281703","BC281703","Ramos"
"Ramos_BC281769","BC281769","Ramos"
"Ramos_BC281926","BC281926","Ramos"
"Ramos_BC282261","BC282261","Ramos"
"Ramos_BC282408","BC282408","Ramos"
"Ramos_BC286603","BC286603","Ramos"
"Ramos_BC287273","BC287273","Ramos"
"Ramos_BC287278","BC287278","Ramos"
"Ramos_BC292523","BC292523","Ramos"
"Ramos_BC297020","BC297020","Ramos"
"Ramos_BC297231","BC297231","Ramos"
"Ramos_BC299151","BC299151","Ramos"
"Ramos_BC299292","BC299292","Ramos"
"Ramos_BC301781","BC301781","Ramos"
"Ramos_BC302636","BC302636","Ramos"
"Ramos_BC302664","BC302664","Ramos"
"Ramos_BC303265","BC303265","Ramos"
"Ramos_BC315021","BC315021","Ramos"
"Ramos_BC315039","BC315039","Ramos"
"Ramos_BC316287","BC316287","Ramos"
"Ramos_BC317285","BC317285","Ramos"
"Ramos_BC318185","BC318185","Ramos"
"Ramos_BC318655","BC318655","Ramos"
"Ramos_BC319248","BC319248","Ramos"
"Ramos_BC321378","BC321378","Ramos"
"Ramos_BC321516","BC321516","Ramos"
"Ramos_BC330213","BC330213","Ramos"
"Ramos_BC332835","BC332835","Ramos"
"Ramos_BC337209","BC337209","Ramos"
"Ramos_BC344758","BC344758","Ramos"
"Ramos_BC345702","BC345702","Ramos"
"Ramos_BC346838","BC346838","Ramos"
"Ramos_BC346842","BC346842","Ramos"
"Ramos_BC347181","BC347181","Ramos"
"Ramos_BC354868","BC354868","Ramos"
"Ramos_BC362427","BC362427","Ramos"
"Ramos_BC362734","BC362734","Ramos"
"Ramos_BC364723","BC364723","Ramos"
"Ramos_BC365214","BC365214","Ramos"
"Ramos_BC366822","BC366822","Ramos"
"Ramos_BC372401","BC372401","Ramos"
"Ramos_BC376914","BC376914","Ramos"
"Ramos_BC380243","BC380243","Ramos"
"Ramos_BC381351","BC381351","Ramos"
"Ramos_BC388717","BC388717","Ramos"
"Ramos_BC394489","BC394489","Ramos"
"Ramos_BC400295","BC400295","Ramos"
"Ramos_BC400515","BC400515","Ramos"
"Ramos_BC401188","BC401188","Ramos"
"Ramos_BC401686","BC401686","Ramos"
"Ramos_BC405093","BC405093","Ramos"
"Ramos_BC411341","BC411341","Ramos"
"Ramos_BC412166","BC412166","Ramos"
"Ramos_BC412661","BC412661","Ramos"
"Ramos_BC415752","BC415752","Ramos"
"Ramos_BC418565","BC418565","Ramos"
"Ramos_BC418681","BC418681","Ramos"
"Ramos_BC422476","BC422476","Ramos"
"Ramos_BC426187","BC426187","Ramos"
"Ramos_BC428360","BC428360","Ramos"
"Ramos_BC442602","BC442602","Ramos"
"Ramos_BC443393","BC443393","Ramos"
"Ramos_BC446391","BC446391","Ramos"
"Ramos_BC446836","BC446836","Ramos"
"Ramos_BC447721","BC447721","Ramos"
"Ramos_BC448961","BC448961","Ramos"
"Ramos_BC451377","BC451377","Ramos"
"Ramos_BC451589","BC451589","Ramos"
"Ramos_BC452195","BC452195","Ramos"
"Ramos_BC452659","BC452659","Ramos"
"Ramos_BC457417","BC457417","Ramos"
"Ramos_BC460201","BC460201","Ramos"
"Ramos_BC464845","BC464845","Ramos"
"Ramos_BC467339","BC467339","Ramos"
"Ramos_BC468144","BC468144","Ramos"
"Ramos_BC468714","BC468714","Ramos"
"Ramos_BC475317","BC475317","Ramos"
"Ramos_BC483543","BC483543","Ramos"
"Ramos_BC488141","BC488141","Ramos"
"Ramos_BC491187","BC491187","Ramos"
"Ramos_BC494835","BC494835","Ramos"
"Ramos_BC499010","BC499010","Ramos"
"Ramos_BC503233","BC503233","Ramos"
"Ramos_BC504871","BC504871","Ramos"
"Ramos_BC506012","BC506012","Ramos"
"Ramos_BC506143","BC506143","Ramos"
"Ramos_BC510209","BC510209","Ramos"
"Ramos_BC512408","BC512408","Ramos"
"Ramos_BC512748","BC512748","Ramos"
"Ramos_BC515989","BC515989","Ramos"
"Ramos_BC518154","BC518154","Ramos"
"Ramos_BC522139","BC522139","Ramos"
"Ramos_BC530350","BC530350","Ramos"
"Ramos_BC531822","BC531822","Ramos"
"Ramos_BC533229","BC533229","Ramos"
"Ramos_BC536886","BC536886","Ramos"
"Ramos_BC537419","BC537419","Ramos"
"Ramos_BC539103","BC539103","Ramos"
"Ramos_BC539676","BC539676","Ramos"
"Ramos_BC541189","BC541189","Ramos"
"Ramos_BC542130","BC542130","Ramos"
"Ramos_BC542655","BC542655","Ramos"
"Ramos_BC542792","BC542792","Ramos"
"Ramos_BC554874","BC554874","Ramos"
"Ramos_BC557121","BC557121","Ramos"
"Ramos_BC559293","BC559293","Ramos"
"Ramos_BC561675","BC561675","Ramos"
"Ramos_BC561774","BC561774","Ramos"
"Ramos_BC563027","BC563027","Ramos"
"Ramos_BC566119","BC566119","Ramos"
"Ramos_BC566918","BC566918","Ramos"
"Ramos_BC572253","BC572253","Ramos"
"Ramos_BC572634","BC572634","Ramos"
"Ramos_BC592715","BC592715","Ramos"
"Ramos_BC594856","BC594856","Ramos"
"Ramos_BC598744","BC598744","Ramos"
"Ramos_BC610219","BC610219","Ramos"
"Ramos_BC610232","BC610232","Ramos"
"Ramos_BC612608","BC612608","Ramos"
"Ramos_BC612753","BC612753","Ramos"
"Ramos_BC615722","BC615722","Ramos"
"Ramos_BC618564","BC618564","Ramos"
"Ramos_BC618694","BC618694","Ramos"
"Ramos_BC622231","BC622231","Ramos"
"Ramos_BC626015","BC626015","Ramos"
"Ramos_BC629276","BC629276","Ramos"
"Ramos_BC632501","BC632501","Ramos"
"Ramos_BC633302","BC633302","Ramos"
"Ramos_BC634185","BC634185","Ramos"
"Ramos_BC635533","BC635533","Ramos"
"Ramos_BC636990","BC636990","Ramos"
"Ramos_BC639002","BC639002","Ramos"
"Ramos_BC646323","BC646323","Ramos"
"Ramos_BC659373","BC659373","Ramos"
"Ramos_BC659471","BC659471","Ramos"
"Ramos_BC666001","BC666001","Ramos"
"Ramos_BC671107","BC671107","Ramos"
"Ramos_BC672303","BC672303","Ramos"
"Ramos_BC675119","BC675119","Ramos"
"Ramos_BC676060","BC676060","Ramos"
"Ramos_BC678702","BC678702","Ramos"
"Ramos_BC682101","BC682101","Ramos"
"Ramos_BC714938","BC714938","Ramos"
"Ramos_BC718528","BC718528","Ramos"
"Ramos_BC724552","BC724552","Ramos"
"Ramos_BC724619","BC724619","Ramos"
"Ramos_BC735968","BC735968","Ramos"
"Ramos_BC738775","BC738775","Ramos"
"Ramos_BC739686","BC739686","Ramos"
"Ramos_BC742076","BC742076","Ramos"
"Ramos_BC742250","BC742250","Ramos"
"Ramos_BC743556","BC743556","Ramos"
"Ramos_BC745122","BC745122","Ramos"
"Ramos_BC752617","BC752617","Ramos"
"Ramos_BC752738","BC752738","Ramos"
"Ramos_BC754721","BC754721","Ramos"
"Ramos_BC764951","BC764951","Ramos"
"Ramos_BC773047","BC773047","Ramos"
"Ramos_BC773890","BC773890","Ramos"
"Ramos_BC774708","BC774708","Ramos"
"Ramos_BC774885","BC774885","Ramos"
"Ramos_BC775738","BC775738","Ramos"
"Ramos_BC776878","BC776878","Ramos"
"Ramos_BC785355","BC785355","Ramos"
"Ramos_BC786251","BC786251","Ramos"
"Ramos_BC798864","BC798864","Ramos"
"Ramos_BC798867","BC798867","Ramos"
"Ramos_BC799502","BC799502","Ramos"
"Ramos_BC799512","BC799512","Ramos"
"Ramos_BC804874","BC804874","Ramos"
"Ramos_BC809193","BC809193","Ramos"
"Ramos_BC811155","BC811155","Ramos"
"Ramos_BC828328","BC828328","Ramos"
"Ramos_BC829330","BC829330","Ramos"
"Ramos_BC838650","BC838650","Ramos"
"Ramos_BC838774","BC838774","Ramos"
"Ramos_BC853044","BC853044","Ramos"
"Ramos_BC860349","BC860349","Ramos"
"Ramos_BC864106","BC864106","Ramos"
"Ramos_BC867269","BC867269","Ramos"
"Ramos_BC870306","BC870306","Ramos"
"Ramos_BC883891","BC883891","Ramos"
"Ramos_BC886889","BC886889","Ramos"
"Ramos_BC888587","BC888587","Ramos"
"Ramos_BC888867","BC888867","Ramos"
"Ramos_BC893421","BC893421","Ramos"
"Ramos_BC894294","BC894294","Ramos"
"Ramos_BC895551","BC895551","Ramos"
"Ramos_BC903685","BC903685","Ramos"
"Ramos_BC905290","BC905290","Ramos"
"Ramos_BC907722","BC907722","Ramos"
"Ramos_BC908511","BC908511","Ramos"
"Ramos_BC911789","BC911789","Ramos"
"Ramos_BC913571","BC913571","Ramos"
"Ramos_BC925004","BC925004","Ramos"
"Ramos_BC926078","BC926078","Ramos"
"Ramos_BC932055","BC932055","Ramos"
"Ramos_BC932059","BC932059","Ramos"
"Ramos_BC932183","BC932183","Ramos"
"Ramos_BC932634","BC932634","Ramos"
"Ramos_BC936621","BC936621","Ramos"
"Ramos_BC941843","BC941843","Ramos"
"Ramos_BC949244","BC949244","Ramos"
"Ramos_BC951516","BC951516","Ramos"
"Ramos_BC956872","BC956872","Ramos"
"Ramos_BC957385","BC957385","Ramos"
"Ramos_BC962478","BC962478","Ramos"
"Ramos_BC969159","BC969159","Ramos"
"Ramos_BC969185","BC969185","Ramos"
